{
    "parent": "minecraft:item/handheld",
	"textures": {
		"layer0": "pintcraft:item/netherite_barrelchest_anchor"
	},
	"display": {
		"thirdperson_righthand": {
			"rotation": [0, -90, 55],
			"translation": [0, 11, 0.5],
			"scale": [2, 2, 1]
		},
		"thirdperson_lefthand": {
			"rotation": [0, 90, -55],
			"translation": [0, 11, 0.5],
			"scale": [2, 2, 1]
		},
		"firstperson_righthand": {
			"rotation": [0, -90, 25],
			"translation": [1.13, 3.2, 1.13],
			"scale": [1.391304347826087, 1.391304347826087, 0.6956521739130435]

		},
		"firstperson_lefthand": {
			"rotation": [0, 90, -25],
			"translation": [1.13, 3.2, 1.13],
			"scale": [1.391304347826087, 1.391304347826087, 0.6956521739130435]
		},
		"gui": {
			"translation": [2.5, 2.5, 0]
		},
		"fixed": {
			"translation": [3.48, 3.13043, 0],
			"scale": [1.391304347826087, 1.391304347826087, 0.6956521739130435]
		}
	}
}